File Name,"Pixels"
"02_inv (1).png",62.85146739323019
"10_inv (2).png",54.255907889265664
